https,47.89.185.178:8888
https,75.126.253.8:8080
https,92.205.22.114:38080
https,117.251.103.186:8080
https,122.49.208.242:3128
https,177.141.99.50:8080
https,177.22.88.224:3128
https,64.29.86.13:3129
https,62.193.108.155:1976
https,190.120.249.213:8086
https,172.105.216.60:443
https,92.222.119.24:8080
https,51.79.152.70:3128
https,102.216.69.182:8080
https,135.181.22.40:3128
https,177.240.22.46:8080
https,92.205.22.114:38080
https,37.59.222.115:3128
https,121.165.3.66:8080
https,205.134.235.132:3129
https,151.236.14.178:10605
https,102.219.179.92:3128
https,41.65.168.58:1976
https,113.219.171.92:9002
https,51.178.56.44:3128
https,5.75.131.91:3128
https,38.41.29.230:999
https,91.234.127.222:53281
https,149.154.157.17:5678
https,14.140.131.82:3128
https,75.126.253.8:8080
https,213.212.247.204:1981
https,41.65.168.45:1976
https,218.91.93.107:3128
https,191.97.19.49:999
https,134.238.252.143:8080
https,49.0.2.242:8090
https,88.150.15.30:80
https,18.133.195.225:9999
https,103.248.120.5:8080
https,122.155.165.191:3128
https,76.72.138.48:3128
https,195.178.197.20:8080
https,41.65.174.38:1976
https,117.251.103.186:8080
https,156.200.116.73:1981
https,111.225.152.38:8089
https,64.225.97.57:8080
https,46.99.183.154:1234
https,117.239.153.10:80
https,45.167.126.78:3128
https,20.113.40.250:3128
https,128.199.67.35:80
https,157.100.12.138:999
https,217.30.160.171:3128
https,111.225.153.229:8089
https,107.152.42.141:8080
https,20.187.167.218:80
https,190.63.35.30:9812
https,206.42.35.219:8080
https,41.33.3.39:1981
https,101.79.15.198:80
